,pred_Non-stress,pred_Stress
true_Non-stress,0.8915441606095309,0.10845583939046907
true_Stress,0.29124286777474573,0.7087571322252543
