,pred_Non-stress,pred_Stress
true_Non-stress,0.9138172809498212,0.0861827190501788
true_Stress,0.3167397116789327,0.6832602883210673
